1.002112991966178,0.13348143917191135
-0.4860588202544083,0.04881444721480188
-0.010997360085258104,-0.4483173503630726
0.7764815797176432,-0.7366046356592081
-0.2514784855223984,0.9777701101418456
0.6964666137706232,-0.7346185101315127
0.01341235629236424,-0.5272065404547085
-0.1113128421424931,-0.9707348960455654
0.4178889719485069,0.11188083516065231
0.26437876059538473,1.0681278649051498
0.4645143165163181,0.03494917002326747
0.8094786428774401,-0.6368880779336419
-0.7646238526592039,0.6587789278285286
0.5094636750359556,-0.8040138959759713
1.0116933366672758,-0.05307333738768599
-0.9093976594491936,-0.39616623295130565
0.19292204485147663,-0.4091496787580315
0.7644599630938593,-0.614140466607591
-0.4562472744991652,-0.22965409734422707
-0.28511912642866827,-0.4374728197884622
0.26492314754868673,-0.48664182160890884
0.8503000646724843,-0.2841611790040043
-0.8512255946548457,-0.40545912601232365
-0.421335215026577,-0.22872094739542986
0.07365905625989738,0.4409311930930089
-0.32367965470628235,-0.31658374264455974
-0.7526831272131624,0.5121041467532143
-1.0039559223746652,-0.24835572614972573
0.6703409665831883,-0.735181283510787
-0.355108817247229,0.3177770306690314
-0.5919890116481241,0.003194511176668524
-0.7891543190381166,0.5983685067907737
-0.9811020923431031,0.3089144382576036
-0.3774422186769358,-0.3023369458378466
0.720261880444345,-0.7739484030018723
-0.8797926043280317,0.6336861304951137
0.6204834989445374,0.8151233481904318
-0.45304268119522595,-0.13285775438279468
0.3256861274762004,-0.3703173173486962
0.05501985278384843,-0.39656334922472286
0.36865892862507615,-0.9664410888430093
0.36366808673072054,0.3244410389224116
0.9988622494040916,-0.236927555573183
0.07509202286684565,-0.39964197605752894
0.8866900513292953,-0.440892560821791
-0.8645903265755147,-0.4810634215732793
0.14057978464033957,0.431235302400626
0.45746839088579105,0.12713433393069223
0.569671236653202,0.7256178455069744
1.0192950086960353,0.0907740850830385
0.4694228505202393,0.0656099216223128
-0.41939585566673465,-0.3473009156936234
0.49674229414312326,0.8340652110089506
0.41277310623232305,-1.015999669808299
0.9423042531905801,0.1863995789267972
-0.3530388925288392,-0.1672477983585276
-0.9999406991136007,-0.22439326719493305
-0.2603477134812096,-0.4242595146056337
0.26163766691464824,-0.9795165547069721
-0.496563907761178,-0.08474282508285977
-0.9086727737230041,0.031541018764115025
-0.6723651617680355,0.7449589819518044
0.9474198673887582,-0.1289101950369968
-0.9228188073472369,0.3493698611673722
0.41954793058457646,0.948456590936703
-0.32195694195715996,-0.9874312481984527
-0.7412357218215796,-0.559154758641397
-0.536548198394175,0.005146189973325915
-0.5814496375049635,0.23319205414902056
0.13704559127187482,-1.0510978392486432
0.4728162461226476,-0.8748777783684353
-0.9090835241808531,-0.03657279662675287
-0.307901515509311,-0.45924299823294623
-0.8566562404558743,0.5717897591713419
-0.10904071915061234,-0.5170485196204192
-0.5183357454382512,0.8558914129620663
0.2588476506016637,0.40336383865002184
-0.49174057502533824,0.34846780080778866
0.18497322073512457,0.466911618979474
-0.5108944518153467,-0.21955703842292462
-0.5006857563003101,-0.11884823633810204
0.10606068928962047,-0.5187146235101225
-0.8617261624544091,0.55270760074401
0.9373809539668239,0.30510137228612344
0.2345673130537611,-0.4094846362923314
-0.7120449828872395,-0.6275877702637971
-0.6247695406493959,-0.8024877911280626
0.9269505013278719,-0.2685393790603797
-0.30836144531498616,0.4295053772663491
0.7890086419577345,0.611372422057095
0.39519966535138196,-0.2661616586646735
-0.005159972824972594,-0.5115192374941739
0.38843720842793694,0.45884529269910496
0.334101068010455,0.791576503613834
0.4716446141512805,0.11375112319212394
-0.045726506368173214,0.5136840101811663
-0.20885744315560595,1.0156540363311928
0.8282903936481933,0.567615583325426
-0.48716194632784526,-0.14746257465539336
0.480620221793118,0.8569409903776372
0.4260201773569642,-0.13191179869713426
0.015756242722692528,0.484635508567071
0.5351375447393312,0.8013015612758475
-0.8349828071020972,0.5458797440846392
-0.9957844034579446,-0.14289816471205957
-0.22126645680346363,0.5081928098115316
-0.5988359113782087,-0.7793612985369441
-0.9067920694123109,0.4829972533116322
0.06610518625466806,0.9057746167110676
-0.5409011017885978,0.022181111463722133
-0.4093090535008739,-0.2966319667686243
0.9527730416146911,-0.3409459345053449
0.5367064703535609,-0.16051729312936663
0.8888125805679751,-0.5204623002831124
0.4273180841443816,0.25987549055875137
0.4751634656956808,0.13506949560143985
-0.4016541451259982,0.23143758625443536
0.7961910775320161,-0.6395814822437473
0.8825510107924349,0.12834836639029829
-0.13227585823715982,-0.42461832379793785
1.0074258719538278,-0.19751695048568327
-0.016060982780539544,0.4856676565629834
0.3583860782649745,-0.3807912590681508
0.8954453305003576,-0.1556454777145072
0.9537921767996248,-0.25008829808700145
0.4526513837783726,0.05629086942160623
-0.30534836170382174,0.9855972133635343
-0.45259767553697344,-1.058496160806965
-0.424861248666247,-0.019947103944184717
0.8257074060428491,-0.5214935868233065
-0.26568324562960166,0.42332786449647514
-0.45566850407713827,-0.021903228832249693
0.04562713997201102,0.5220346962639322
0.42668549882564155,0.040520180608767914
0.1990873466498393,-0.5009273937024349
-0.2388333401679146,0.47894884760372464
-0.4054736639267954,0.2710952749646836
0.4410968582202655,-0.14990220278145247
-0.4228304754312306,0.19166861312719377
0.2716962656965698,0.4377909214032708
-0.2881659521171402,-0.9656459084204656
-0.37618695740247937,-0.20521716649891045
0.43924889137736783,0.295312469657476
-0.8111465217843778,0.584019923183087
-0.49859544287067137,-0.01777589183965675
0.6638922149286456,0.6926080373306522
-0.3747650960141852,-0.3752431266288182
0.04063544494383438,-0.9843117714106212
0.12325382912112871,0.45077971672735406
0.415310474659123,0.3195137365401165
-0.7850847687351146,-0.5307906980234955
-0.776853255015905,-0.6338622803804768
0.08201085811072875,-0.556045276926504
0.4670277579705447,0.31830931031295856
-0.5701626620735808,-0.7936540642045323
0.49650968150959207,0.13156495228699144
0.7401767207217425,-0.7315058218203643
0.4646674546433182,-0.020684986784239696
0.4408680781573086,-0.19797890158819179
0.5045134739735103,-0.12511658361568245
0.5667439894039831,-0.916397693197786
0.11742747875492167,0.4273989342348932
1.0700121490038323,0.11682983797008026
-0.5847032356707013,0.8897683272465593
0.5064070711730041,0.06140928492086195
0.32680718440024087,0.3667265592084985
-0.08955978458581325,-0.4468624125405044
0.18788507552283595,0.42640412802855754
0.6776022351322383,-0.7074706838489999
-0.5155355857100743,0.8958683546393262
-0.5440893242495028,0.7193674965324531
-0.39628509247181487,-0.2957119581036251
0.9822188617755241,0.3011003053233574
0.304028999675407,-0.9402880729941935
0.15410928492344897,0.4468931563236759
0.5456095498600017,-0.8400667012301527
0.5098535639453008,-0.004917980539543593
-0.822552081845794,0.5285502889305116
-0.5017504943218021,0.045470614743733054
0.30490278081677613,0.4246182285822151
-0.1181020692080738,-0.5121139916749428
0.19811983842966446,1.0977877042325317
1.0357882112465442,0.10554716082019233
0.9918381374650213,-0.006703323047533918
0.34036604785749286,-0.8794611637605176
0.40285111574626076,-0.3373728318107714
0.5019181637765668,0.2908885249585309
0.08631264363084111,0.9708653007296357
-1.0161805876097032,-0.3026438815633078
-0.9439882043698359,-0.0954835545479125
-0.7155681742340662,-0.6451713665132432
-0.4794695137989879,-0.005314701619589503
0.1372673205437305,0.3762349205532362
-0.8455115431164886,-0.608328052080295
0.2957571509161284,0.3689798169318215
1.0334088184085328,0.3103583251618461
-0.22132977965271022,0.4971209682910104
0.1128831778213029,0.38376081638558096
0.2491181215274042,0.45061108412864587
-0.9649966345673903,0.22413912451430007
-0.0792748552735723,-0.4853192587741687
0.08403176960040076,1.0774446191762261
-0.6222677383897229,-0.8419830647524972
-0.49569265112802413,-0.1344906482967514
-0.8679262827951251,-0.6268455453831288
-0.2948327765863956,-0.4174640978144438
-0.2181056384317881,-0.5050285519531816
0.07830469554348625,0.5817781172845241
-0.06924980016867228,0.548060982736678
-0.048597867490604824,0.5358781394236484
1.0098197377797233,0.03493335010205723
0.5077939570821208,-0.1646800762273323
-0.8859766640138611,0.47956722754951164
-1.0129536978051037,-0.3224917490952059
0.46555775427911084,0.1756433726770454
-0.1632723761317682,-0.38701519205007284
0.42874230026952886,0.04787363841473222
0.49944912416489606,0.9203969505554593
0.3602835702408202,0.309039610311855
-0.1959726605878443,-0.9801583745359204
-0.2880573816864319,-0.9452539073956673
-0.9786716587318557,0.5246550771413947
0.11900107121139285,1.1118027834791095
-0.11435679816485309,0.48120686246586686
-0.4211434621765349,0.34642757280811565
0.404950151300277,0.13956854586254827
0.8806839370145817,0.5100437466836267
0.9565690474705119,-0.1165350849655053
0.9125138197891395,0.422364028915044
0.09428092878220713,0.5465282104100885
0.9970791914035342,0.16362883872998663
-0.0072907106142172,1.058353707505779
0.17440830813784092,1.0562694563760544
0.2719796223989741,-0.45281836696033767
-0.9429541886889127,0.23344845934339833
0.024291744107647437,-0.9189137394280871
0.1738380791259164,-0.48816690777137006
0.19562018890679597,-1.0321779703353458
-0.3855415693505882,-0.2977999864512047
0.4714324183251055,-0.1803806776766232
0.2663347307860421,0.9889482691269724
0.5161211017379528,-0.17825511649652087
0.8457029640672048,-0.36470351333927176
-0.9409135449322652,-0.22380905979922266
-0.37957350275145024,0.36781088752524926
-0.474361180545927,-0.8365095066471772
0.4917607921771939,-0.8511921515912511
-0.9321977519625071,0.19927737430678039
0.5228380960424958,-0.8162363189772457
-0.022085097550017342,0.4334948138153068
0.08121779258150098,0.564201256287368
-0.45444039364507155,0.1378492933390434
0.953284653178375,-0.37995578367302274
-0.3130184553105848,-1.0416424870010195
0.3313076412940505,0.3621070071557844
0.02720465037852117,-0.5528230452611016
0.31067684106044835,-0.44624413351421055
-0.49168324170257643,0.16966235900673596
0.5147408380454966,-0.29909850048822995
-0.9305445950992716,0.4080763509778921
0.7965043424620551,-0.5813815565421694
-0.566168150454697,-0.9114767432946215
0.7036130371727999,-0.700583661627326
-0.9446930288785753,-0.09586133696096814
-1.0636476751304575,-0.12925509421260833
0.5241440321781167,0.14617319375355575
-1.0518876724062216,0.2927662858729474
-0.8998483723823318,-0.49099354657514166
0.2982541132407866,-0.37217765156797405
-0.31281557412404437,-0.385884131107968
0.709042417638681,0.7150657948224362
-0.6188420970020581,0.7464007793770591
0.09008253804105554,-1.0265995965039356
0.5330417802621313,-0.9173231983895525
0.8308251737972945,-0.37977372205276755
0.4161299503795118,1.013733374836833
0.41325747788501793,-0.34711432134656717
-0.21001302458433724,0.48576892336852007
0.10631517621882862,-0.488902162585227
0.824918299639035,0.6597045790296102
0.33179140014775904,-1.0341659076121226
0.11898165197731003,-0.9603828411546786
0.33009089265680264,0.39948637304433265
-0.9590520623086348,-0.32320336351497414
0.5075895819363901,0.11765944484848176
0.3546349033221451,-0.3325948047949949
-0.3954166559344337,-0.060880181150444274
-0.9811612698820154,0.016254161702981433
-0.028083881551997363,-0.6201936647136028
-0.847257409761882,0.4880267219256559
-0.43905712763124594,-0.20495777967340648
-0.4769587387733334,-0.9144366386051941
0.416952644774282,0.2699177991028719
0.08130485710046507,-0.49076673939548715
-0.40096607321802635,0.19437283659758536
-0.7783272255672582,0.5970710455444048
-1.0236680983132422,0.0284901661308402
-0.5311466363583488,-0.1566966867978695
0.39486444414789573,0.812238916116467
0.46438719873348366,-0.20926657470367402
0.8006635655386781,-0.6400749230168024
-0.42356859327694796,0.08533924837494342
0.5829067074063677,0.029698929860322063
0.35594228952646895,0.8553215385267764
-0.8178497488424041,0.4855443752600134
-0.38414269845006316,0.3987116658235109
-0.5812061048147374,0.8665108542113263
-0.1192836313211803,0.5176791783759119
0.9884050730844332,0.3899320821479595
-0.1289834720555875,-1.0545469068676725
0.9117643682903012,-0.43984714669150976
-0.40925599077365665,0.9369299721575131
-0.13335306788840842,1.041016583138563
0.874354475846837,0.51393745092746
-0.4474935485499506,-0.1415849591159285
0.7957363926334206,0.5922097070317679
-0.07386593509088034,0.9268606741865353
-0.29121120757333296,0.29884029404379764
-0.3769920265994485,-0.1776011707250471
-0.1094866624331212,0.5082826237068672
-0.7855139036343415,-0.6332123679651624
-0.4382893848293499,-0.1686332398536821
0.9500618278318907,0.14964231892656554
-0.4912645347851958,0.008180825424823422
-0.2068913839105337,0.8511932201182044
0.4692660705924457,0.01964132226580746
-0.49363412095264314,0.9060722781806396
-0.8308235562226511,0.6249674349380787
-0.497216837892475,-0.011323431263120142
0.0494689800917703,0.499848993903917
1.0142343495325574,-0.30548088182612054
0.2702570824356684,-0.4300995221435924
-0.48880391731438655,0.1289681957171978
0.3655672186528958,0.35677805873376617
0.31192233258866064,1.0482784645079968
0.3122327534692452,0.30426069433976205
-0.053189852620454274,-0.48731156213401755
0.08833702996261142,0.9677922303621078
0.3569675815034181,-0.30678721795487596
-0.41001116453229747,0.2546707007891363
0.5124326600675323,0.28903272044195494
-0.15729415693906001,0.4407010811574352
-0.4059802061301097,-0.17600079452952383
0.1528470102811904,-0.37350616745420806
-0.26204802559326024,-0.3793106799064567
-0.4085370929807461,0.9254042500429582
0.27881639447056106,-0.4556379529314184
0.7091872205870531,0.8183475290762475
-0.01599888386975279,0.9445274625420628
0.19002707717344255,0.42609834236448285
0.7275918826851263,-0.6075058444651928
-0.649324949054671,0.7517327397394035
0.12323886338295902,0.4436822177804957
-0.44151616341452604,0.17756732496190392
-0.493284952237122,-0.20847850401293172
-0.409102849881185,-0.24115154907234704
-0.4943866934262303,0.046491057490640704
0.006996524736807806,0.4390982873687265
-0.24513368938696048,0.9683737090381922
-0.4790829040759147,-0.14272150029270886
-0.014350724295922237,-0.4308028213812741
0.7884411064980065,0.7030541191962039
0.39875296749285405,-0.8870937934181744
0.3929103987327546,0.9131110245490992
0.9248647521304483,0.31258956050190756
0.9421692040584418,0.2442379813185198
-0.4332134819798615,-0.9786548782153468
0.2332516601011064,-0.9660408507261214
0.1146870789056931,-0.3965467711198081
-0.7304416931998948,0.7011224076690767
0.4230529489737133,0.261727371065737
-0.775232061798364,-0.6952672602644494
0.576457243223818,0.8494968346232705
-0.12961990035020302,0.5217355713608082
-0.01394341974609195,-0.4647999472713519
0.09451827364523689,-0.5068463889449246
0.0644363899650974,-0.5413962872143964
0.44231028107671805,-0.007489776899783064
-0.43156094213584834,0.1414758237559845
0.35903734038075513,-0.30897049477534
0.019573395668577923,0.9498015042386365
-0.3624601946496351,-0.9395423902736557
0.39236783610281745,0.7908071898112015
0.2696174386169309,0.4605075631137697
0.32024169042277356,0.44938818832151506
-0.28657397595196327,0.3735747170108165
0.6944615304036417,0.7398997142095258
-0.46396679928506174,0.037487160265547756
0.18060555978608295,1.0230883278102096
-0.604782974827089,-0.6470009345381129
-0.48910858612732,-0.8792596448857215
0.35694417124263006,0.17222558505398927
0.9213076293965392,-0.32849849822323607
0.23111529154065932,0.5031700604809026
-0.4498812634192506,-0.03865386917166992
-0.45077691750587795,0.228002426538554
-0.9492585771236712,0.2616784623438587
0.09589884422529088,-0.4818126475936208
-0.6469966667063556,-0.6400197715892203
-0.404688425961107,0.3581158951039978
-0.6554142408656575,-0.749365493509697
-0.5063236879886522,0.09973824064170866
0.4322104244242695,-0.24115821161141043
0.4431645346308345,-0.7992609401671594
0.9829962110725324,0.24661304894533556
-0.4760118472286872,0.14854210381947952
-0.20209599282612456,0.9365451929670108
-0.36969756188768366,0.9832709045124763
0.48008225723447295,0.026879689295006202
-0.7561979974985045,-0.6973740857875808
0.6037106423335048,0.8086397647031806
-0.20470925755198743,1.0406927957368928
-0.04471950996477253,-1.014344714905631
-0.9617114498462255,0.20113988227061563
-0.1609334934610706,-0.5322426774654667
-0.8544054396078522,-0.5706204410754513
-0.43198620175746344,-0.25445581765898223
0.38612254626932907,0.8497374749730342
-0.15967588463556176,0.4962548355401366
-0.013463219611236116,-0.4175199332167735
-0.4318291088015463,0.30723802650920157
0.3757874706864,0.27227964766719487
-0.36028000607920374,-0.2868347589358702
-0.8577145509971436,0.5881269694718084
-0.06697307936112692,-1.0291386137399454
0.5399249137211574,0.8886738742622645
-0.5631898015193787,0.06857533593895122
-0.3441089334220428,-0.40125369696824503
-1.022210934455923,0.06744269310425813
0.3780144173316676,0.12919976403248631
-0.8853933224789908,-0.3595071011815974
0.06661857644072935,-1.083815836527444
-0.9466975578517542,-0.021435905659336917
-0.214797156664784,-0.4290463448990442
-0.37943793238194085,0.9606054057217297
1.0226558255473872,-0.08817406995685265
-0.30229268322184466,-0.9382113723026564
0.9464167540180456,-0.427290156080492
-0.45055677642973135,0.1196202488285041
-0.9423835376210536,-0.37352652852224466
0.1759520427606311,-0.47513902663887575
-0.5926759529443322,0.02960720523311674
0.47868514441137844,-0.9443744367238315
0.9902177477470377,-0.018644256520317988
-0.5301565121283159,-0.707714744634498
0.530697792308942,0.10115102576193992
-0.9324609764539948,-0.26356063734356894
0.48407101700032656,0.2879469986966581
-0.19874210428095446,0.29865595013379237
-0.042456242847102865,0.4435735251999233
0.2066067645334717,0.4634347745157573
-0.36358966846473234,-0.2913796425286509
-0.29730745622273924,-1.074117490138159
-0.44428542413308514,0.0755419728415314
0.10490329909546228,0.5468342583202113
0.3477240142202005,-0.37759387188976806
-0.39394351814584405,0.3460702030331154
-0.2992526738028377,-0.8911271202397881
0.1897691552654818,-0.922124397408695
0.2793278546289359,0.9200547078164777
0.3950766020937161,-0.13945605087253912
-0.5120511373485489,0.8558709539448313
-0.2739808097653348,-0.3875374785420804
0.2635691284501381,-0.39418695077738036
0.18216280386970277,-0.4599885341018354
-0.8289005521631931,-0.49171761595330316
0.07007718335865186,0.4567290312163179
-0.33181215064931197,0.42245769614789486
0.4010863573954668,-0.24916347348198753
-0.7389457902784972,0.6579297130429658
-0.7790746846635118,0.6573900184135258
-0.07281820128189119,-0.5609691366657183
-0.9819035316132765,-0.19195083926440787
0.22214376962127225,0.4059279837140792
-0.23628535551494723,-0.44298241098510155
-0.4574855315846895,-0.22917313757291866
0.879875651260855,0.4634862201728866
0.5982972937445082,-0.820909458062024
0.8209142305490432,-0.6214039274981574
0.5157934299834629,-0.7837964449035293
-0.5077088483987054,-0.31388788396534806
0.5506925589792593,-0.7943199142290904
0.11594105910121794,-0.43683264241464104
-0.6305685527405663,-0.7836010471853497
-0.7764102746479637,0.61802474055082
0.4172521892492362,0.1161669886137007
0.09440905452752046,-0.4361481543971516
-0.36558192883970936,-0.3208440423828271
-0.033962321992435644,0.37223984979234026
-0.23156393189130892,-0.47838043034117544
-0.0490177516952215,0.9951071747377714
-0.32851808219431383,0.35573322385737927
0.05366527069037281,0.5843368173778537
0.3461992563337191,0.9810573768955638
0.5567883708756679,-0.05316540959696571
0.03372284132085338,-1.0428288083758006
0.6658683914006301,0.7612401434212202
0.8907712079591631,0.4121675657968408
0.30679594986798525,-0.3907683730581119
-0.31009894304254026,0.9999978492886815
0.9229445485314229,-0.0359462435749599
0.8909693845347683,-0.16271749976850894
0.9269542727218355,0.16005251712000013
0.28940162728602925,0.48078875827107903
-0.4879145760461664,-0.10173283192412794
0.1203146145913421,-0.4471837479991525
0.35108176979522887,0.936915914685774
-0.2714813926327268,0.376483432353148
-0.03866487249715206,0.5498826533121292
-0.04054599228584544,1.0279277322043228
-0.29034542044930467,1.0328162149777373
0.4673068410680091,-0.18098844743032175
-0.5308365138104567,0.08065726873584877
0.12213958697376794,0.45789504612635507
-0.5083726241095136,0.09226875689713912
0.6711826012958645,0.693965486658676
0.07004120457911397,0.4970002787865817
0.035759811749108895,-0.5630640800753812
-0.04155313562570601,-0.9455156653648221
0.8594374640969931,-0.34722178132854925
0.22955682383883297,-0.6048876777484197
0.45383212435926545,0.8496969715866132
0.43403555017131396,-0.29191452299559634
0.9208935590128677,0.3316561403252454
0.6728272126845979,0.7563386118719069
0.5521185129794923,0.28060238990881486
-0.8809123850552054,-0.5409500910201689
-0.730116815448074,-0.6351335644381895
0.42660879629504334,-0.2592218479684734
0.09314063187795782,0.5967670264220551
0.7272895442157665,0.6041913010909481
0.44167360289026725,0.8595611759266305
0.6568896259973498,0.7233349083618659
-0.30482656705403255,0.32586567541218714
0.6388042257306381,0.7778295786009167
0.08881985007312002,0.5157006488275739
0.21421721094476137,-0.4340996840154199
0.26354849553356324,-0.9515860826032828
0.3044005053524631,0.43262356841800165
-0.2827197252734735,-0.8985603450114741
-1.0740409771016828,0.2856530434649475
0.5142863253566116,-0.2226055142915792
-0.8307993320114138,-0.5405130456146211
1.0464620112877043,-0.1299063991230942
-0.8931812780922583,-0.4687987332643154
0.4822612072058727,0.021971455151595834
0.5407734990053819,-0.9162742671028773
-0.13729995246908372,-1.0475107329774032
0.45069567055284854,0.14221689899620155
0.4587966627289054,-0.9751333085138753
-0.38595301641700375,0.35004783563936803
-0.5888105532828866,0.7704223588516594
0.2968997406440651,0.2724624150548387
0.48775324901651046,-0.28974960973486524
0.6652440914810207,0.7962689276270254
-0.39691170706030493,0.39066636653108067
0.30362166385889006,-0.39529309838126536
-0.5265632960774482,0.9135486450704459
-0.4037040896421723,-0.31547062749855187
-0.4720959635033704,0.09090140212982199
-0.4605975034169255,0.1922203529942872
-0.931000408994743,-0.1581371064539193
-0.11383699111282197,-0.9664674081147642
0.9993673628612796,-0.19842724859148786
-0.19933006220476143,0.9690503224099795
-0.05426115510600579,-0.5020106495145453
0.04985677042939174,0.5075607272464814
-0.10891669302193771,0.4900996264456613
0.14025136152300877,0.5196716903011912
0.6232096209859809,-0.8109593193302104
-0.18633701773299305,0.504795312301244
0.31559373259753887,0.39117913506235347
1.0785117875770374,-0.12721414191380692
-0.14878118291940606,1.0571468784685976
0.4947143774639127,-0.14958384784911966
-0.6813778849370642,0.5483751657579703
-0.3879601351284185,-0.29527663225222384
0.20770096907496655,-0.9836904153471482
0.2982035559005087,0.4976100788709935
-0.3177015932615233,0.373446804772219
-0.25807360961286696,0.5296675452380382
-0.2627506648309999,1.083949627852006
1.0700485899125531,0.01951951740652625
0.9435875231644052,-0.430221045387508
0.36809882877590366,-0.3840844406630403
0.9552456222213632,-0.468129550592129
0.1850755252145032,-1.074012589908179
0.6659410119246507,-0.6877314912151374
0.4024175922935993,0.39295513278489425
-0.12585077555777363,-0.40940605355186044
-0.9591899646867098,-0.2986688133041833
0.365725612124586,-0.40059866513399356
0.2979976392785108,0.45185196293048613
-0.4727290729094165,-0.35963042410778323
-0.4256195717199876,0.10465943433253634
0.10174897586345513,-0.5410788201002072
-0.1440084252302911,-0.42365694455743996
-0.41693770462521945,0.28482571850454824
0.9242447174359946,0.11397455225696677
-0.4797386287809328,0.9194106126687435
0.42128469850513584,0.008219865701290865
-0.4347021499853365,-0.7104391287346419
-0.7493125650090456,-0.6260974055754184
-0.39689959622990156,0.30486748818739134
-0.886065522938669,0.3855930668663936
0.37643617036555654,0.30831550053690454
-0.10048533639185143,-0.47566606710169657
-0.2952397418238657,-0.9160089741621851
-0.32450661240113243,0.451094007393327
0.405873979224851,0.29678891822671294
-0.3352269112122473,0.3338832792694033
0.8657659765780443,-0.47722750575568806
0.5563615810126744,0.22776436747730042
-0.9514227043940251,0.11583169462100028
0.924358698383271,0.4166988216143517
-0.35120007581897594,-0.36808953062750216
0.4195741723539463,-0.952785729318222
0.3075141480119,-0.3848497215044088
-0.34576356548951376,-0.41455272885159034
-0.37403461040079117,-0.44335273195438907
-0.560015634717691,-0.03104801775336044
0.04571825098656291,-0.40831851171671674
0.04555014647377263,0.4567331578490533
0.21590877316678186,-0.4503742696894109
-0.21450041827121838,0.4251282437829676
-0.6958600783329699,-0.6754171116910042
0.579816919857195,-0.08547011602781097
-0.6236618439371031,-0.6715614176424637
-0.18717414792000686,0.4678112420456689
-0.25760428986363126,0.954768045722428
-0.5374394600033027,0.9058865299518227
-1.0153760139094652,-0.002830968388870897
-0.1931658561412702,-1.081131360967652
-0.3765839468225753,0.35412960375846025
0.3102191611461474,0.3823748741521314
-0.31487716525533943,0.4163253761633145
-0.4398674718799057,0.1817265967263441
1.0340153918594739,-0.20721465060691607
0.7157863349617157,0.7240455190480775
0.4875790047350929,-0.9537429903931327
0.3395897950024428,-0.9253444597665693
-0.02378538674488434,0.5383185180748422
-0.07996046242558313,-1.0184785757829822
-0.9043376779699162,0.2723452690733122
-0.052025006632518855,0.5616737281530687
-0.8738093596697845,0.40270618860818513
-0.433348352758249,0.2983025192345036
-0.015069656340780606,-1.044424874932822
-0.20123521935720715,-0.5661511631348075
0.21643581878033147,0.39683371034286385
-0.30635984432232466,-0.3776106047689148
-0.27511836743602014,0.3743987692717278
-0.35055302321126464,-0.3164864801097438
0.8973090028969952,0.5866549620355902
-0.8491875251512409,0.43637635372953465
-0.08371433547467849,0.5211307952349951
-0.9766427690762304,-0.2119320269384348
-0.24050503462418912,0.33750152421561164
0.46650915583724784,0.9068312791219854
0.3768044835525016,-0.3135380622491801
-0.3812737144075355,0.11360055335789238
0.8998513032781567,0.40887223969189207
0.6473445489313054,0.7518469021532254
-0.7842445426431477,0.7249070911546687
0.38197089304320064,-0.32529171598264045
0.5214214477810946,0.050352318814283176
-0.825524131208889,-0.6718086175581677
0.2612513642805181,0.984730639560435
-0.42734471574206073,-0.9557468917938021
0.38143044243765023,-0.29527454447459556
0.249957281465123,1.0111648678348437
0.2811287685722327,-0.9513686128120885
0.3648388620727565,-0.888989084319002
0.7071200846346158,-0.6292593469851913
0.2443496067643785,0.5349203580538465
0.9491955018491561,0.27399545845652523
0.021435875983314825,-1.034200761352705
0.7891482849537031,-0.6546904611239834
0.4260340832267543,0.05232960756001707
-0.13230061698859347,-1.0395865897980197
0.1660233191477546,0.9927382189723029
-0.8135283365675947,-0.7346986884591974
-0.9102212443252399,-0.2650601251141621
-1.015953687931238,0.29467173428021914
0.45204625972738477,-0.17562280639799518
-0.8803542000449252,-0.40681125724993905
0.46955057896162655,-0.09773992909509628
-0.46073991938205533,0.27019305076010525
0.22521394398386826,0.4738859427496943
-0.3505593567641682,0.24313306222756192
0.42504012386470424,0.14159611535799993
0.1437729083443608,0.9462520559520766
1.1100017417205281,-0.2879127945179606
0.02779984173890149,-0.4932586514333484
1.0141286614547922,-0.11253950848250072
0.46395685301484435,-0.1728436604195836
-0.035084055072212614,-0.5346587431071731
-0.050543640555026983,0.4776300364632608
0.3913844789117019,-0.9775079775902643
-0.8467834146226721,-0.4838964420893963
-0.6849177535930371,-0.7758535592170239
-0.32003023739451414,0.9670287813038915
0.5525444012127718,-0.060907787444424655
-0.4015597679730575,-0.16473288049658444
0.9732663648606984,0.20573004690391203
-0.7278595348557965,0.5726876866752603
-0.5912813065505452,-0.03247280631692842
-0.3556220379485807,-0.24874188880630382
-0.5233715619108787,0.9055313937477842
-0.5056202126833311,-0.28041377581203863
0.4586599481805302,0.2642538820874137
-0.5631390652346361,0.11119270898934153
0.6678860781794341,0.7316104068749907
-0.14285276828451723,0.4746965581160411
0.46146950863881553,-0.10507552886134784
0.600479232859975,0.798007097164412
-0.2956110593531742,-0.5095568751327385
-0.4170159548521025,0.169557684675022
0.5705566324007908,-0.13108288381006744
-0.19990437966157912,-1.0502977482245666
-0.2788345953493695,0.4720735548882635
0.538170005042565,-0.8546941090570384
-0.8762022960578536,-0.19140778741702544
-0.7581366647125625,-0.5195332775509736
0.5351857344592997,-0.24194385371465346
0.34252060671556495,0.47965027672437344
-0.6216044181099412,0.7353182506736258
1.0118400042113793,-0.07515108359004548
0.9351107205298629,-0.21163106267886278
0.5048749044150871,-0.1323962641669807
-0.7923643172531342,0.6139800771059486
0.013326483534997997,-1.0472704354785374
0.39731813203648325,-0.8483124209165935
-0.02356919643700943,-0.46484198781700714
0.8631236323634667,0.406928655725952
-0.36555698440023227,-0.39535407806247663
-0.3846490134092496,-0.8225768608214746
-0.10433659211263488,0.5360065111698354
0.30814706708938133,0.8590181617580634
-0.4116860031325095,0.4071011465876909
0.3867750058033597,-0.2235352375223953
0.0016820491547032482,-0.4331924284706675
-0.8020657034432361,0.6270619429162728
0.26915864822514085,-0.9647145251365898
-1.0146879686297865,0.12044383822230391
0.2708660006705834,0.4821006477488317
-0.23533945051004446,0.4475418230224841
0.25580658548609014,0.4355359900493377
-0.4350998278320683,0.29024501689923626
-0.12618269241353358,-0.5143114987555684
-0.3425565920646153,1.0112965728990002
-0.9323145758628265,-0.2602014928165625
-0.985418967641056,-0.14595961306133381
-0.16586212473011291,0.5444966247420746
1.014016091895232,0.14124516427209588
-0.12448136397804921,0.9920639470163679
0.3525692088845989,-0.35519438041277934
-0.9882518138096179,0.22703064799813347
0.04694616742995304,-0.5519762947626801
-0.8453018536689872,0.6792835982070304
0.027039480393476277,0.4045636764075967
-0.9780580871436131,-0.41526949694244536
0.40109426010313615,-0.8087673889734054
-0.49615418095389885,-0.28961790298354617
-0.467419322809872,-0.13041605294057684
0.041245457556349875,0.4028832691349783
0.16566569422078906,-0.9304085023551835
-0.3684794548074685,0.9666035059452763
0.9217336435851223,-0.26300594728314736
0.9074758962560101,-0.48049128144130504
0.35911112327217803,0.5210169353896268
0.34004957471468694,-0.36275314541649273
0.693138018612022,-0.725534976180158
0.5041555433328999,-0.8013247378323405
1.025431055446515,0.10565680033725343
0.41048579787886685,-0.13933854085430397
-0.5301613915976756,-0.8760654343415368
0.17717183781509624,0.43707804059549576
0.7209558689723753,-0.6910215219211098
0.6987469611390092,-0.7489689584788755
0.9465243877226364,0.4251285492215447
-0.8652840088424372,0.5934956287674868
-0.4328622018670797,0.02305329352007027
0.9961364214003647,0.04804549678685998
0.014622094601567277,-0.42998975246945426
-0.5848732974638606,-0.6197491817851946
0.2248173841772333,0.41267763910059296
0.36385023229168184,-0.24083155485397942
0.41345578543560346,0.3822469773253394
0.04473798933020623,0.46753865483274126
0.7145789499229955,0.5197786412903744
-0.44470270558732705,0.14003595959649695
0.23127325082644007,0.5044708176746526
0.7031403430248372,-0.7652800874544538
-0.4416413871195579,-0.11154787255959298
0.1295950212645658,-1.0159801448357415
0.2767387054732509,-0.9769204385002069
-0.9619708070166633,0.44021710216734034
0.9205441790023732,-0.03820037501839051
-0.946106867426769,-0.23383758344547587
0.2955532017395673,0.32953912779462075
0.33827750947125335,-0.37569465123301415
-0.2764144169670069,1.0297938044051187
0.5305671702858306,-0.14582057264780512
-0.36527650207414475,0.24327041756791373
0.07881290674257321,-1.0630195597054257
-0.3313463739857927,-0.9316063570773396
-0.13065648255663376,-0.5547026774169953
-0.31335029075079424,-1.0331609061740834
-0.6125231910459665,-0.7797827332231456
-0.4967692518435516,0.002185813761620973
-0.449599222850327,0.17337359216325932
0.32918368159798705,-0.9745473376393885
-0.3417239787045624,-0.3183326519487621
-0.993496729116186,-0.3259595659827686
0.6123701546159693,-0.7285460330320298
0.5712499667840767,-0.1430574159911401
0.8672293903446107,0.4241086199842521
-0.38745697340690843,-0.29512478486284854
0.4084875362229018,0.3102554285986481
-0.09123752896574193,-0.4302168258036065
-1.046437889330966,-0.01466047479824046
-0.48811985912025724,-0.08758136045771717
-0.027568925468222448,0.5004338985839266
0.48366860723796407,0.8141223622017323
0.768006310965171,0.5803506889236486
0.4161151773425549,0.17326014744684365
-0.6932085574057016,0.8142899040898325
-0.12310874960435508,-0.4897025501479891
0.38743015505395695,-0.10220730102239152
-0.08793337462369873,-0.4564934394337574
0.4387476487961755,0.006648463443471947
0.9874068693228442,-0.4486593920941747
-0.37766858278631865,1.00766254088063
-0.9508358830345861,-0.10697658304740157
0.7287961382343815,0.7061542678539908
1.0208902401785274,-0.19481954560733517
-0.7472684867410102,-0.6914643695232487
-0.7364184380936589,0.6784949562208771
-0.5054763745924432,0.18770148481771692
-0.05231509465699951,-1.0620205767210738
-0.5651470141673594,0.8153398774559981
0.5078997076126768,0.26021085711138037
0.3724177937626642,0.29458337228455245
-0.1980322924413847,-0.41816749623124944
-0.34739082521302034,0.9718545711731366
-0.4909979355124504,0.15646786196547013
0.5991243939902959,-0.9158839648714434
0.4403222418947239,-0.9221553390874848
-0.22667474567394172,-0.31388744294038273
-0.3183625531217581,-0.871170719818677
0.4730585592245655,-0.8436352894687981
-0.1851766644787483,0.9953770395573501
0.37379245587303617,0.40619870396547764
0.22912293619071378,0.49055756443329734
-0.1132036395933507,0.35534319167233275
0.6231296951092418,0.8149031698976372
0.9975620160581428,0.2995870185360494
0.6715790691608194,0.6408750966254633
-0.9685331895604419,0.2571838864843613
-0.27781281264955493,-0.4369065984618338
-0.9183284847540256,0.42089457299254035
-0.368891142690801,0.906808524941439
-0.907041924028562,-0.3677519869934169
0.4665691798039527,-0.27921443874515733
-0.8828810418198677,0.4508412684771529
0.5705649428628323,0.031348019073012386
-0.24520880502272147,-0.44073295829731307
-0.7082089460205565,0.7580684634505084
0.18239025710262446,1.0029650857191972
-0.3083589382956214,-0.9186720425273223
0.2542075223321093,-0.4503093682727336
-0.46194373924287774,0.27673556967866697
0.9979663776306381,-0.023671591607279885
-1.0351757518459235,-0.24233702004774996
-0.3411010271961581,0.3749500114782859
-0.005599144250928764,0.5115662053901407
0.10463481855151399,0.4657677891702696
0.38399859601326525,0.16333743631862785
-0.45470241649819637,0.12620041982264862
-0.3560390153802943,-0.31127323472242474
-0.4884897373643038,-0.34097924692042675
-0.028393327703265678,-0.49397471302310364
-0.9634122005044313,0.24428173881602802
-0.9878344213372516,0.029057894687385198
-0.044440690528294295,-0.5065666232675834
1.0266412632716713,-0.17329899397104537
-1.0267742709325338,0.04151964040979711
0.5768587383461905,0.22005128265796678
-0.6586610036656657,-0.7463543201357882
-0.15823722101813625,0.3745808729667305
0.9209851014148717,0.40100560503628047
0.1446372322249303,0.9721603942489837
-0.6706820590724911,0.7504794819884527
-0.3228721072543568,0.3873673471396017
-0.4339644835914887,0.16055323538097702
-0.15165229363189764,0.4510773726284051
0.36401302507498523,-1.0052446386985117
-0.9659187176318544,-0.5840006458117859
-0.9776083290518202,0.1739718457273134
0.474226493019436,-0.01143274717249606
-0.7244666106465933,0.59342038049195
-0.26696977611633094,-0.3781976458474007
0.3217768660175423,-0.22703158178172048
0.4106663110563365,0.3784040412957713
0.4185981662627645,-0.30834122517376206
0.11967096952871539,-0.5523553694914545
-0.09501359518433446,-1.0126201677236342
0.5534603424824321,0.8390342658460295
-0.5803453407457866,0.8101138503845459
-0.156585694144963,0.44355457073192206
0.2386965880985277,0.9377314759080593
0.34584883330950406,-0.32684955700151763
0.5207627653517716,0.23602612150810917
-0.07455728015901762,1.0362868473249982
-0.10580244006652109,0.45231394117486096
0.9429436690634397,-0.258361406752174
0.007067355638947396,0.4650827729584395
0.10728215740963196,1.0476333861501543
-0.9472289215622276,-0.16410791929668808
0.05684542043986916,-0.45810131347128014
0.7701335835388525,-0.6818217194165574
-0.14602701327215536,0.4545458567891099
0.3739565946921714,0.27598438515583906
-0.5272721836818169,-0.02612166358705504
-0.22141603127667617,-1.005333121574792
0.536046158364907,-0.02495476242391566
0.3892128083172145,-0.20968368946523058
-0.5213394833417047,-0.9409392302206845
-0.7102993314825731,0.8260628301064407
-0.48028375967510933,0.13796342965162478
-0.929805120045818,-0.03622454691441575
0.7775054023148362,0.6262134344610646
-0.0051818937094789165,-0.4705640695535384
-0.7501133626522123,0.8411698759709746
-0.09669733509128053,1.043868516693058
0.24737429159523217,0.4225109365775547
-0.4897673681871003,-0.15193107445230694
0.05027987038663939,-0.5220917554783777
0.35056636356314014,-1.002704348403224
0.381153583102779,-0.9296691041203535
0.39395309671992107,0.9555090568661616
-0.5606619260725313,0.7515348381103665
0.3918417103611305,0.4080681244546739
-0.4937285073611236,-0.8337499695347914
0.9859440348771488,-0.11656417933914726
0.3863163890567175,-0.33326801315210797
-0.8521433976094875,0.5081030251987746
-0.6790616435797765,-0.7044380972098502
0.5634022760095572,0.9054045310531805
0.3488361568714128,-0.24074404241765918
0.4890405226281748,-0.10801869931283115
0.1530278049635771,1.001143585272163
0.1927336153801195,-0.5010283432440461
0.46816549669766144,0.0645998734108784
0.7835696737934107,-0.5880220961751219
0.1536551280011707,-0.5030714982630021
0.47539100637975074,0.21792234074341382
0.08147005967567311,0.4709099893285762
0.4601532989171319,0.3472260857961811
-0.380657070621211,-0.33426045089993583
-0.43785079263412363,-0.3466953868676047
-0.337389607350291,-0.3899445462062618
-0.6802830806940848,0.6848368580556509
0.6590890053495997,0.6752703937399221
0.46519790332638383,-0.08652509915957407
-0.030010961482663086,-1.0202006309066154
-0.5024141966321561,-0.05745306736935422
-0.5334414267059234,-0.11506822084301123
0.5523961602383404,0.025645871692793115
0.06946158684956825,-1.0103712775979123
-0.4075172433387653,0.27454045094521107
-0.41467261030734354,-0.06942218102367229
-0.6175255618876366,-0.761913463862541
-0.4326700683807696,-0.13917424041095502
-0.014917659590560836,-0.4575690686585663
0.14925887898278595,-0.428102989653353
-0.4863877867866291,-0.8027228107775747
-0.9918255428763677,0.261482309470936
-0.13391561422968895,-0.5596666350839654
0.650168917009079,-0.7124775394704571
-0.2373776778625588,-0.31072537728501975
1.0346079672248916,0.22928711672197807
-0.7632151363622175,0.6531711225045985
0.4847441003779881,-0.25292942345094505
-0.8231379912370101,-0.5520494341734075
0.6444995048635497,0.6879135367341015
-0.3572962827469331,0.34011085497618665
0.2529489624910235,-0.3878111935350097
0.4436750264595548,0.8488846633627863
0.29099905643669655,-0.42566472566230235
0.577034854678804,0.11416510063986729
0.9756061904043843,0.35320734905833
-0.5134584678689313,0.2020860822126102
0.5857192485175555,-0.011421309119874615
-0.5544537360678632,-0.04230001386194004
-0.16314749240760648,0.4853483897322142
-0.995222702977765,-0.008216327816656845
0.8726822285037739,-0.6181487563843553
0.8249627524003457,0.49076726858914355
0.3619120147313461,-0.22708372834726526
0.8868607143996092,-0.5825535369579358
-0.018484140716556505,0.5153687225865801
0.7758322355575741,-0.684078285573479
-0.22874392592534212,-0.522273351605179
0.5425449714314292,-0.7365070657827089
0.298410574271464,-0.43082514775929065
-0.453884248232797,0.8420579893793673
0.420304047388998,0.23555239642934606
-0.09344035171721445,-0.5072053147586837
-0.6971699949226008,-0.7945943556638251
0.17114310059684643,-0.5556037830357631
0.09185263316009525,-0.4854286336766982
-0.4324759861105789,0.20327181498463948
0.0354210571041423,0.45857904591783294
0.9117469347888842,-0.46419397406380114
0.43077247986249473,-0.2927528762174862
-0.5109038027307476,-0.033365534961341724
-0.49958983877652413,-0.1511796533441899
-0.9284156586389951,0.43740207648256463
-0.1915329739423497,0.41348830721909224
0.7404125290145205,0.6934665950393364
-0.5771503410769272,-0.020197367467250267
-0.3182287753097233,0.30444355253291966
0.48885956774319356,0.22136085479833353
0.2933646807036271,0.45010589336971907
0.026427155181787336,-0.9732449904823325
-0.10321271108187163,0.4618714665176123
-0.2628686775970978,0.34452971808711114
0.24193470245409643,-0.9148557705036567
-0.28444347907968015,-0.38391538210445464
-1.0196615737162886,0.1756408189648093
-0.538345441101288,0.8058490015813232
-0.31847111054981986,-0.9666803975360659
0.13324256214868102,0.4206519971447465
-1.0122902317369142,-0.1362215943856551
0.5132852514703508,0.8597173400807845
0.09649725351721133,0.43328791725864213
-0.18073858291580266,-0.44678758316054196
-0.8883566968357014,-0.48007386216335673
0.3795428342008202,0.24452965943957913
0.11584253385137142,0.5061122331548414
-0.08126153000126618,0.5778139423829781
0.7619770808171562,0.6336572112296686
0.4890257866067544,-0.009272751661449877
0.9342183424722259,0.3024754973608332
-0.082668720584744,0.4835350767344049
-0.9476583711233215,0.023559545822250463
0.5282182817385063,-0.09119568464339459
0.6327269181092213,0.770914493880963
0.20889335732042186,0.3436963702151821
-0.7756319870857298,-0.6489014691379651
-0.32168282741080606,-0.3424710274597648
0.8843713721661083,0.5203608741805177
-0.5305155135404853,-0.8042115927367153
0.019386950250866394,1.097219674761307
-0.09002375672839615,0.4726204535980418
0.3879589835976561,-0.22221042752956224
0.26467028859761405,-1.0136124868361152
0.14024869785545058,0.5338085570479412
-0.14658521042877526,0.4964685310487213
0.7632090025476767,-0.7069308464103479
-0.29915374175075804,0.920636417124616
0.16379485290674867,1.060302779521364
0.09335494679319797,0.5495123052280643
-0.3591031378034957,0.44327168940824485
-0.41384501255134654,-0.9157756317174165
-0.5238122032379026,-0.08389384198919489
-0.0642170006918241,-0.944324764425047
-0.4885706414744672,-0.12147183199083143
0.43204314443025477,0.27546061581679043
-0.9212220306659258,0.04255536079295646
-0.39475122047639927,-0.20721753285613104
0.9508795608130205,-0.24708353539494152
0.8700529383581548,-0.6300661548505714
0.2633111733228347,0.5065259782608469
0.4787638840961548,0.07550199039132846
1.0662823897847271,-0.02985573014152347
-0.04087420912253042,-0.41938421153853406
0.00895922363112888,-0.5780676869127179
-0.4704964418836912,0.31475876680727055
-0.5563346909576341,-0.8554170935579888
-0.19104865550003758,-0.41581651842144485
0.5082370594692571,0.8117148247689625
1.0701155319873408,-0.03111466431775801
0.9445559522475947,-0.12667407402229264
0.20971057275789168,-0.581579780477034
0.22019397096898335,-0.4645610950580063
-0.3807433407513637,-0.2567551513873825
0.42233112978015175,0.9324722984135534
-0.10738774028955872,1.0544092016526296
0.9263027938418823,-0.3989214196372032
-0.04423146622294025,0.47917943266409446
0.9747475259156867,-0.2853613070589473
0.9454085045161724,-0.14890014691503733
-0.24767598071795732,-0.45702911391117074
-0.4407668737734255,0.09078581084642581
-0.1822108286892641,-0.4231759936573197
-0.9438150574475425,-0.5114969137009173
0.1549355274413341,-0.4787761224454638
-0.130869014006564,0.5009248425396753
0.23397816383281575,-0.3870389372103752
-0.10964738412674968,-0.9547941489724328
0.3415054455907232,-0.40971398037125994
0.5687364055505174,0.7443329720071243
-0.48521350708227357,0.16951567048507352
-0.6463106666749083,-0.7096618121931956
1.0211500997781482,0.02055074657097348
-0.18126792982903678,0.3989156506270449
0.43019744390830605,0.0007763985474861443
-0.416667588123683,-0.4005359961048027
0.9343435837492174,-0.4070306569900718
0.11813522841525091,0.9751518510602988
0.8485399747893579,0.6155125032113556
-0.1475727009125538,-0.5428782012551732
-0.6452025500509795,-0.7455141339003541
-0.4918610796962059,-0.36024985369567813
-0.25133338828841223,-0.4692544299610983
0.8369977331743388,-0.5981869087105489
0.8359503681012792,-0.5514166516983953
1.0492056419769276,0.006450372855748423
-0.44395168658647466,-0.2394350045796866
-0.18006134729804174,0.43180078769213776
0.8984145671222545,0.3399018569902298
-1.0225553337952287,-0.06917520220801412
0.19731336074695643,-0.47245907041332325
0.8949723420214363,-0.5284770407994069
0.24237757724980852,-1.0724716820544735
-0.6831791196282044,0.652783308711882
0.2306052806694998,1.0004500269034144
0.5353680226127936,-0.7460335517326434
0.8378587420464758,0.6278794152096365
1.0497993681864943,-0.1940810438710953
-0.2971688832863461,-0.9820059671205337
-0.895471187309399,-0.4357123723327821
-0.1453773302946546,0.9629544919613626
0.8860928989398867,0.5624117041140183
0.4382551448457194,-0.2598081338818301
-0.3115582589314629,0.4459801956355071
0.4327401412369267,-0.3265826436478806
-0.2864136616053214,0.29014709211777917
-0.486384113318484,-0.08211503376251303
0.4728850469410884,-0.3911766754227675
0.3396648628398285,-0.3815485579298913
0.47388518447399747,-0.0579022444651842
0.8241382035289205,-0.5055743636752014
-0.3929300899375605,0.3814880929239919
-0.3539889999115438,-0.9858558639732193
1.0006343293703104,0.17774577269037517
-0.47251961882828725,0.1455084426421165
-0.5361001221873428,-0.09413309725562122
-0.8537592314919864,0.6386541603478268
-0.5690294151441526,-0.8503793348961359
-0.29930864949050845,-1.010680010179017
-0.5065693723389216,0.11254512701240915
-0.41896991430477637,0.886282790321
0.4456646123154789,0.1864867467499805
-0.8645796194177489,-0.4654967940797247
-0.4612487960904492,0.8513774339238337
-0.4219513096224091,-0.9126392286658884
0.4907174069135568,-0.19065570354910125
-0.7226420103968805,0.6625818761538907
0.4334754627854315,0.29773956819652697
-0.3927862730559225,0.3038326616684855
0.3585823945659622,-0.3659226740971692
0.9997094703231472,-0.047631365888894724
0.6996940949552052,0.6889846628329479
-0.9051789953445231,-0.4983216055334891
0.48499581365604094,-0.8994842310772992
0.36109443117306084,-0.353208478222718
-0.20887756767281812,-0.9896239674934506
-1.0127896603016524,-0.009655400830360317
0.8044080509804334,-0.5108181664042767
0.41410197243148505,0.3101431458395836
0.19328384085096503,-0.5318286050613394
1.013341616803848,0.007079867581207471
0.3706972666246808,0.2402243349956461
1.0431285238702477,-0.10902994980147504
-0.9505828247474648,-0.3894496937778423
-0.31259771556957183,0.3600439311165564
0.9701507714379228,-0.3775506761236736
-0.9783296443535098,-0.30001813972049274
1.044716515849389,0.032876654546504264
0.5191254222573054,-0.12474697582327737
-0.6331405791780402,0.7429947472464709
-0.5057250559612178,-0.1410786581048041
-0.6095247402927673,0.6797906905798166
0.30368535453460604,0.20173938561591626
-0.3073290797767953,-0.3671163582333938
0.30268118425696294,-0.9050863178742037
-0.9943449205220454,0.146290270284959
-0.06213110035693442,-0.9819506128391385
0.3328820349638903,0.9549527437656885
1.0709520169353235,0.15888426442314896
-0.452497881674752,-0.275654146023966
-0.15333776713695393,-0.48703515790867286
-0.5888826541872422,-0.8602902374296134
-0.1658327934181264,1.017319119531715
-0.17682888805359576,-1.0457318987762374
0.2813333826878824,-0.4102867061844134
-0.9229082171541587,0.08639812664042398
-0.3272878604188131,0.37239630871695684
0.19433848251271804,-0.5305958087752579
-0.13181575700547074,-0.5040351090414208
-0.22432901951758097,-1.0458858968737532
0.04518974389746042,-0.46360983120964677
0.08446214004759374,-0.9918149732810795
0.9025642691208019,0.6107464695692248
-0.8548303626381699,0.5157757291243688
-0.9915988562892069,0.16463430233951346
0.3289962999175023,-0.35437044745385
-0.25148504812124883,0.9675504886592765
-0.2598587521704073,0.21853722822421087
-1.0499350885564673,0.04538626513730981
-0.5638131044371684,-0.27387803559515533
-0.1075053906504714,0.4509248162990511
-0.8633261826969614,0.43425961699277116
-1.02382600993742,0.4512023205456377
0.07276731391626917,0.5098465396914965
-0.21943171562013236,0.9285593288024092
0.40596000730300047,-0.21313426946232755
0.258939256918033,-0.25965220396095934
-0.5712989081665245,-0.7918412273179596
0.07848928551296597,-0.5515204108988807
0.46351672825070617,0.10958127039320711
0.9316936902294815,0.4200230974884154
-0.35619226257896636,0.3851656582144113
-0.13744935858901491,0.9465847661343061
0.322974143935618,0.9782567246239336
0.4793753173713676,-0.035005683063548246
-0.45142576167630377,0.266464335247976
-0.48941920372620346,-0.21884261762721974
0.2915571745951957,0.4937732684974189
0.35097847930803494,-0.3089082058574077
-0.9319699938919246,0.32124893229543994
-0.07531610044384425,-0.9279413584868718
0.3592222524814097,0.3926445676443231
-0.5128193381391802,0.8194565059912516
-0.20605018056372074,0.4754416728626186
0.5905524745737878,0.09516020775027888
1.0045844891186908,-0.046521543516552966
0.48928394966519445,-0.21122811370756045
0.39808749046592296,-0.40857311133837326
1.0629791349209206,0.16366653014704485
-0.9726355334200429,-0.33730311404824315
-0.5418181112553585,-0.8449769779669033
0.9603648442282706,0.3609286215814229
-0.12120258733039639,-1.016235981947983
0.5846291484144928,-0.007095341647521278
-0.08657388489998621,1.0517263898672466
0.9723199858959533,0.3600936057431352
0.5395683079590211,0.7892471208168715
0.3168362535184749,0.3963104050990284
-0.43079651159503407,0.14521479263073914
-1.055020726646367,0.21638669255893875
0.8096170660684457,0.7247319617014045
0.5101607662619679,-0.9190139450565319
-0.5181984415267499,-9.27382949929903e-05
0.012436955115392835,0.5640136923496075
0.5875342175873774,-0.1598855626899211
-1.0271119892075715,-0.1349695577849594
0.1848980597910195,0.48255378305663604
0.9814342541111065,0.3723447835015727
-0.20472524148077548,-0.4512769473179181
0.8202191898562058,-0.3861619568777589
-1.0224928316078303,0.1686852422468757
-0.3497638969620825,0.9312138833784802
-0.45747624485373106,0.3612637653076045
0.8972798542081055,0.5133194975288785
0.2784560665662844,-0.3123982353247329
-0.26234504611501336,0.9459557616491939
-0.021993707811558058,0.9960699312356821
-0.7445209826622871,0.7219593998573625
-0.053983820203154176,-1.0276759622701475
0.43374740886143215,0.8152533440930907
-0.5727463074325515,0.8609774716056824
0.19298356308744838,-0.4706781525114102
0.8537126579810235,0.5999116978661597
-0.28349535400968984,0.4074377954578442
0.9310394691822278,0.5010916603607166
0.36883472640909504,-0.3807423123641904
-0.3623801442313725,-0.08349032036690947
-0.35973467542248505,-0.40238994807135775
0.7606492746182425,-0.5332184622980377
0.04936567470856875,-0.9311955416242033
-0.8295105147151718,-0.4966945603196484
-0.09313820911868503,0.4663702188153324
-0.4417748910267898,0.8597381979984529
0.4504076304075298,0.3281071252667972
-0.07019125245882976,-0.5208567490353934
-0.1339605744454913,0.5345643285401251
-0.37971032384321374,0.26460043885704176
-0.47049843051302864,0.8939116157901373
-0.10999906849494319,-0.46554185762384115
0.4777776074250321,0.15267773025939063
-0.32581254643531765,-0.9143440236080355
0.13057103555484553,0.46052867757775373
0.8698641194030757,-0.36201427456713403
0.837257861703415,0.29691072248342304
0.35334874145998624,-0.28898112212379656
0.3694905963961833,0.9701706528247259
0.47318878220321026,0.8282977283278923
0.27276828717491375,-0.3374194588955311
-0.7230258111313239,0.6844387512717582
0.8395991590482895,0.41952133537362213
0.962674954935474,-0.26659103749871005
-0.31901045143804235,-0.43123896007355206
0.058953380302535496,-0.9408147472400177
-0.8316399512226657,-0.6409997247096418
0.26939223598457035,1.102779793904866
-0.49994350894950307,0.8754710848637781
0.23891774383414743,0.9866605082350457
-0.6486527758122916,-0.7942256501868158
-0.5384285279407406,0.030308095228943795
-0.8156768096954063,-0.4477543635506678
0.2843526674288624,0.31577777312417254
-0.2965332380563363,-1.0107784514960774
0.6074979768267986,0.8144265462015265
0.2734502630876963,-0.32024722737787764
0.8457126757179051,0.19118816445193212
0.7596874962170208,-0.6111260651053463
-0.09888701644274744,-0.5433511171173895
0.4435831906467994,-0.3782812817355213
0.8822554037265146,-0.6153821493328591
-0.5725029797730032,-0.1312345778864552
0.04268177272137559,-0.5189310167825221
-0.10990413307562776,-1.017225638425373
-0.9089170962704286,-0.4769778635859428
-0.5157554851664559,0.9135208018929875
0.40573871758886076,-0.42201684581495114
-0.27134740226246096,0.37730682549944106
0.8576167387309409,-0.4306382469208908
-0.4455825046704288,-0.953061883887238
0.4328063692636476,-0.021172345897581005
0.10107663457656509,0.5370741345906098
-1.0894004127626227,0.14649281072502018
-0.12801293991775212,0.9759570324269768
-0.056188568964717744,-0.5086031546735703
-0.48286606874334664,-0.8041942569690979
0.4137280707593173,0.33554120510267754
-0.49676675875268844,0.7463978048089409
-0.9419058161411733,-0.05468108762718133
-0.8870874385003854,0.4943579491951918
0.4214157847511398,-0.2658852577998056
-0.16363239995496343,-0.4450183126436167
-0.2394646965362063,0.3902374839630875
-0.4173877879379758,-0.2039130516006506
0.18158788039919938,-1.0630078683826674
-0.3201752544695459,0.36058205797140847
0.45622830353698696,0.887022302296691
0.44243809613945917,0.02096955913274339
0.45897027712440586,-0.2681404753335469
-0.6232040450524032,0.7639247127836012
0.4807963920732628,0.01153805494839677
0.5436703243476085,-0.9115903064423505
-0.406455750065265,-0.35911860504125837
0.81388385293918,0.5884585930798172
1.08431664908564,0.01257471710744005
0.4601707193099842,-0.20715598560175125
0.568020274433691,0.006110170398239842
0.6311527346589932,-0.7719060935142816
-0.9212868580764497,-0.29663380577975584
0.8455726161119119,0.5520094922084191
-0.4704219755809287,0.03857985453292602
-0.4839908291094704,0.11431475233876452
-0.4809285101256989,0.8559754055712421
0.11061680639766117,0.9818710563390078
0.38676237493798254,-0.18838828881100664
-0.8917701268066096,0.43151290986471763
-0.4158446410472077,-0.3437812200921322
0.0010191918484023232,1.0028034276420594
0.5226964439390543,-0.0476086383253776
0.6619425121052573,-0.6948185867556319
-0.28878820515096737,0.36906708205534333
-0.49729859418141353,-0.1220264196329156
-0.2471663696206005,-0.3988419437623864
0.9731030496309392,-0.41477580577527634
-0.3716331141232285,-0.14356251963593228
0.4631882670954244,0.07765720242259817
-0.19025522569394474,0.39445350687203723
-0.9562332334357568,0.28628795927207173
-0.9819212027958837,-0.2606820683515079
0.9068105877783466,0.37380525372345225
0.02957348308748965,0.5037792683926511
-0.20468946797700097,-1.0538545967382795
-0.42493689920846744,0.14847953255307142
-0.19953520399114735,0.5166320796359579
0.42124530267568017,0.31485175277567207
-0.1615729699719305,1.0189335993569568
0.8974158481054736,0.5193294661755243
0.08285859491783579,-0.4746821982577614
0.9362248188368721,0.43540577957324866
-0.4900998563211073,0.010026620641272596
0.20569534944899565,-0.4010410392054372
-0.9698791437637985,0.08385086159716663
-0.3954528064036138,0.32752337903316375
0.3193757251606336,0.3761837692242853
-0.9903310254928911,0.283343050802496
0.7567678354005488,-0.6581395137083264
0.19829865043558517,-0.9522850192855826
-0.9809984053589349,0.408323218115127
-0.19655734683103387,0.38798257363668476
-0.24425835605638235,-0.3371095425038835
1.0660889692708908,0.17520287184482722
-0.1680827986215294,-0.4921422171792835
-0.13898700034845723,0.5363260772039534
0.4995435358029392,-0.05631319515950623
-0.022108927889434544,0.9551228830757283
0.8946185296913032,0.32822897427473213
0.2232029650337331,0.41908472932171537
-0.25812716607454844,0.4119548545390618
0.500422602786659,0.028959971905607965
-0.41444561821972953,-0.23423873962548353
-0.9414579186858625,-0.09010162085174046
-0.10003840985782517,-0.5322949443799803
-0.29190835296152173,0.35278737399665394
0.45437820674627083,0.1664824504410072
-0.9391512636007991,-0.2996949111672211
-0.4659820732863173,0.2170322545668196
-0.4708113580838364,-0.09475280659663213
0.048721302666668305,0.4751339389612091
-0.4673106776424053,-0.8444157688333682
-0.12345275124332626,-0.6246920340545216
-0.848837960310259,0.36959608207425626
0.5320841162850803,0.917636170389979
0.18373144498091948,0.4564318541491188
-0.3388268731269245,0.4280997116359249
0.20210609369539065,-0.5509374371305193
-0.30833039462518974,-0.3598476799265112
0.19252427185723953,-0.9984872663345469
-0.19195811708650912,-0.924876655376563
-0.4946230238636109,-0.20531504204437112
-1.0224858032250626,-0.09642502239251442
0.3138221285433421,-0.3538754806126882
-0.6037520387486296,0.8725138316280028
-0.4720697373040782,0.052051213941125184
0.48031521066079347,0.18525181654949996
-0.9024751354603116,-0.2708881931037132
-0.04926884201986026,0.8844374234562068
0.518748686990589,0.8056144294546836
0.23837633643288736,-0.4949034021022401
0.3877135903748089,0.06815155407339894
-0.008613536185223411,1.0531879209110147
0.4334077530025173,-0.20231237289260187
0.4834743657762537,0.9545550973829968
-0.28609336005596436,-0.44974882683599227
0.4538789827850621,-0.05134312182478441
0.39013638766690945,0.3210274212013764
-0.5105342270677982,0.19931777244188414
-0.12251991362009401,-0.8648176838220402
-0.9389732033031578,-0.5024381249069465
0.3723461823669903,-0.38097780034137085
-0.5186900470169814,-0.2779894950199383
-0.9327879830465364,0.18518298211851192
0.046673782217571624,0.40177480188780246
-0.03245280392095406,0.953005543364927
0.6815411271028349,0.5744943252314718
-0.9591048032154662,0.237053902015662
0.3975720435364917,0.3144344922626008
-0.5382482194415209,0.2274165331015868
0.014603169275942587,-1.0499311996460432
0.7561630174731446,0.6274680559785525
-0.4586204034450682,-0.18341721606065733
-0.1417648544981086,-0.5203498567872199
-0.01876028193998304,0.8925988817769204
0.2119048662276673,1.0059074334566238
-0.8221206067530826,-0.5117558386349625
0.508929633164423,0.15633154346177136
-0.5416928779748376,0.10786938770737431
-0.5628688415421372,0.8166454328940679
0.9372994237615596,0.4700071961542318
0.38798341031040867,0.1885008879295731
-0.16810248847730672,-0.4909887866557453
-1.0056147357178717,-0.26197389699921414
0.506703636105977,-0.8218917523891363
-1.0544786229243617,0.09742159912765677
0.565647000387865,0.12471350172024206
0.16142302360322974,-0.4045279164713736
-0.9359506302779445,-0.06826839382620957
0.40975126698305425,0.2896503738295904
0.4186038416314633,-0.3167727304554037
-0.5292603729995183,-0.26801410263339925
0.5078358906386415,-0.8841123574312999
0.7127397353252644,-0.5877923725655416
-0.9989253691737936,0.15052928639165936
0.7667525212408595,0.666204700248451
0.1728041228224763,-0.45565724548383135
0.3218028097847403,0.3682163062459228
0.30772856979001795,-0.3314753863713085
-0.1745943466722604,-0.4794593761910069
-0.046759683681463035,0.44267726942712154
-0.6022701670428136,-0.8165328795771005
-0.19179668597152058,-0.3965470705750708
0.06547648524558297,-0.5931347410733515
-0.8195061269574436,-0.6443868211242687
-0.27378727898098276,-0.4354411907120565
0.21061250400992984,-1.0076226977132177
-0.3441450113753899,0.8865509060199156
-0.27139466822395375,0.9473924479448956
-0.7420521705764217,-0.6314287641489947
